<?xml version="1.0" encoding="UTF-8"?>
<!--
 This is a WordPress eXtended RSS file generated by WordPress as an export of your site.
 It contains information about your site's posts, pages, comments, categories, and other content.
 You may use this file to transfer that content from one site to another.
 This file is not intended to serve as a complete backup of your site.

 To import this information into a WordPress site follow these steps:
 1. Log in to that site as an administrator.
 2. Go to Tools: Import in the WordPress admin panel.
 3. Install the "WordPress" importer from the list.
 4. Activate & Run Importer.
 5. Upload this file using the form provided on that page.
 6. You will first be asked to map the authors in this export file to users
    on the site. For each author, you may choose to map to an
    existing user on the site or to create a new user.
 7. WordPress will then import each of the posts, pages, comments, categories, etc.
    contained in this file into your site.
-->
<!-- generator="WordPress.com" created="2025-02-10 16:51"-->
<rss version="2.0" xmlns:excerpt="http://wordpress.org/export/1.2/excerpt/" xmlns:content="http://purl.org/rss/1.0/modules/content/" xmlns:wfw="http://wellformedweb.org/CommentAPI/" xmlns:dc="http://purl.org/dc/elements/1.1/" xmlns:wp="http://wordpress.org/export/1.2/">
  <channel>
<title>Sobre mi</title>
<link>https://francopastranowordperss.wordpress.com</link>
<description>Especialista en marketing digital</description>
<pubDate>Mon, 10 Feb 2025 16:51:05 +0000</pubDate>
<language>es</language>
<wp:wxr_version>1.2</wp:wxr_version>
<wp:base_site_url>http://wordpress.com/</wp:base_site_url>
<wp:base_blog_url>https://francopastranowordperss.wordpress.com</wp:base_blog_url>
<wp:author>
  <wp:author_id>261311650</wp:author_id>
  <wp:author_login>francopastrano16</wp:author_login>
  <wp:author_email>franco.pastrano16@gmail.com</wp:author_email>
  <wp:author_display_name><![CDATA[Franco Pastrano Pastrano]]></wp:author_display_name>
  <wp:author_first_name><![CDATA[Franco Pastrano]]></wp:author_first_name>
  <wp:author_last_name><![CDATA[Pastrano]]></wp:author_last_name>
</wp:author>
<wp:category>
  <wp:term_id>1</wp:term_id>
  <wp:category_nicename>uncategorized</wp:category_nicename>
  <wp:category_parent/>
  <wp:cat_name><![CDATA[Uncategorized]]></wp:cat_name>
</wp:category>
<generator>http://wordpress.com/</generator>

<image>
	<url>https://francopastranowordperss.wordpress.com/wp-content/uploads/2025/01/cropped-4952154712162020912.jpg?w=32</url>
	<title>Sobre mi</title>
	<link>https://francopastranowordperss.wordpress.com</link>
	<width>32</width>
	<height>32</height>
</image> 
<item>
  <title><![CDATA[Sobre mi]]></title>
  <link>https://francopastranowordperss.wordpress.com/about/</link>
  <pubDate>Mon, 27 Jan 2025 15:56:47 +0000</pubDate>
  <dc:creator>francopastrano16</dc:creator>
  <guid isPermaLink="false">http://francopastranowordperss.wordpress.com/?page_id=1</guid>
  <description/>
  <content:encoded><![CDATA[<!-- wp:columns -->
<div class="wp-block-columns"><!-- wp:column -->
<div class="wp-block-column"></div>
<!-- /wp:column -->

<!-- wp:column -->
<div class="wp-block-column"></div>
<!-- /wp:column -->

<!-- wp:column -->
<div class="wp-block-column"></div>
<!-- /wp:column --></div>
<!-- /wp:columns -->

<!-- wp:group {"metadata":{"name":"Header","categories":["header"],"patternName":"a8c/header-logo-left-menu-centered-social-right"},"align":"full","style":{"spacing":{"padding":{"top":"var:preset|spacing|30","bottom":"var:preset|spacing|30","left":"var(\u002d\u002dwp\u002d\u002dstyle\u002d\u002droot\u002d\u002dpadding-left, var(\u002d\u002dwp\u002d\u002dcustom\u002d\u002dgap\u002d\u002dhorizontal))","right":"var(\u002d\u002dwp\u002d\u002dstyle\u002d\u002droot\u002d\u002dpadding-right, var(\u002d\u002dwp\u002d\u002dcustom\u002d\u002dgap\u002d\u002dhorizontal))"},"margin":{"top":"0","bottom":"0"}}},"layout":{"type":"constrained","justifyContent":"center"}} -->
<div class="wp-block-group alignfull" style="margin-top:0;margin-bottom:0;padding-top:var(--wp--preset--spacing--30);padding-right:var(--wp--style--root--padding-right, var(--wp--custom--gap--horizontal));padding-bottom:var(--wp--preset--spacing--30);padding-left:var(--wp--style--root--padding-left, var(--wp--custom--gap--horizontal))"><!-- wp:group {"tagName":"header","metadata":{"name":"Contents"},"align":"wide","style":{"spacing":{"margin":{"top":"0","bottom":"0"},"blockGap":"var:preset|spacing|40"}},"layout":{"type":"flex","flexWrap":"nowrap","justifyContent":"space-between"}} -->
<header class="wp-block-group alignwide" style="margin-top:0;margin-bottom:0"><!-- wp:group {"className":"grow  md:grow-0","style":{"layout":{"selfStretch":"fixed","flexSize":"25%"}},"layout":{"type":"flex","flexWrap":"nowrap","justifyContent":"left"}} -->
<div class="wp-block-group grow md:grow-0"><!-- wp:site-title /--></div>
<!-- /wp:group -->

<!-- wp:navigation {"ref":3,"className":"order-1 md:order-0","style":{"layout":{"selfStretch":"fit","flexSize":null}},"layout":{"type":"flex","justifyContent":"center"}} /-->

<!-- wp:group {"className":"grow md:grow-0","style":{"spacing":{"blockGap":"var:preset|spacing|20"},"layout":{"selfStretch":"fixed","flexSize":"25%"}},"layout":{"type":"flex","flexWrap":"nowrap","justifyContent":"right"}} -->
<div class="wp-block-group grow md:grow-0"><!-- wp:social-links {"className":"is-style-logos-only","style":{"spacing":{"blockGap":{"left":"8px"}}},"layout":{"type":"flex","flexWrap":"nowrap"}} -->
<ul class="wp-block-social-links is-style-logos-only"><!-- wp:social-link {"url":"#","service":"facebook"} /-->

<!-- wp:social-link {"url":"#","service":"instagram"} /--></ul>
<!-- /wp:social-links --></div>
<!-- /wp:group --></header>
<!-- /wp:group --></div>
<!-- /wp:group -->

<!-- wp:media-text {"mediaId":31,"mediaLink":"https://francopastranowordperss.wordpress.com/about/attachment/4920352897401728426/","mediaType":"image"} -->
<div class="wp-block-media-text is-stacked-on-mobile"><figure class="wp-block-media-text__media"><img src="https://francopastranowordperss.wordpress.com/wp-content/uploads/2025/02/4920352897401728426.jpg?w=777" alt="" class="wp-image-31 size-full" /></figure><div class="wp-block-media-text__content"><!-- wp:paragraph {"placeholder":"Contenido…"} -->
<p>Especialista en marketing digital y experto en crear<br>contenido audiovisual en las plataformas más usadas como<br>Instagram, TikTok con un enfoque basado en técnicas de<br>Engagement y de retención del espectador en mayor<br>tiempo posible.</p>
<!-- /wp:paragraph --></div></div>
<!-- /wp:media-text -->

<!-- wp:columns -->
<div class="wp-block-columns"><!-- wp:column -->
<div class="wp-block-column"><!-- wp:details -->
<details class="wp-block-details"><summary>Educación</summary><!-- wp:paragraph {"placeholder":"Teclea / para añadir un bloque oculto"} -->
<p><strong>TEGNOLOGICO EN MARKETING DIGITA &amp; COMERCIO ELECTRONICO</strong></p>
<!-- /wp:paragraph -->

<!-- wp:paragraph -->
<p>Instituto tecnológico cordillera<br>2024-En curso</p>
<!-- /wp:paragraph -->

<!-- wp:paragraph -->
<p><strong>BACHILLER EN CIENCIAS</strong></p>
<!-- /wp:paragraph -->

<!-- wp:paragraph -->
<p>Colegio Manuela Cañizares<br>2011-2022</p>
<!-- /wp:paragraph --></details>
<!-- /wp:details --></div>
<!-- /wp:column -->

<!-- wp:column -->
<div class="wp-block-column"><!-- wp:details -->
<details class="wp-block-details"><summary>Habilidades</summary><!-- wp:paragraph {"placeholder":"Teclea / para añadir un bloque oculto"} -->
<p>Atención al cliente<br>canva<br>illustrador<br>HTML<br>Visual studio code<br>Blogger<br>Redes sociales</p>
<!-- /wp:paragraph -->

<!-- wp:paragraph {"placeholder":"Teclea / para añadir un bloque oculto"} -->
<p></p>
<!-- /wp:paragraph --></details>
<!-- /wp:details --></div>
<!-- /wp:column -->

<!-- wp:column -->
<div class="wp-block-column"><!-- wp:details -->
<details class="wp-block-details"><summary>Certificado</summary><!-- wp:paragraph {"placeholder":"Teclea / para añadir un bloque oculto"} -->
<p>Marketing de contenidos<br>Hubspot-2024</p>
<!-- /wp:paragraph -->

<!-- wp:paragraph {"placeholder":"Teclea / para añadir un bloque oculto"} -->
<p>Google analytics Basico<br>Skillshop-2025</p>
<!-- /wp:paragraph -->

<!-- wp:paragraph {"placeholder":"Teclea / para añadir un bloque oculto"} -->
<p>Capacitación Electoral<br>CNE-2025</p>
<!-- /wp:paragraph --></details>
<!-- /wp:details --></div>
<!-- /wp:column --></div>
<!-- /wp:columns -->

<!-- wp:table -->
<figure class="wp-block-table"><table class="has-fixed-layout"><thead><tr><th>IDIOMA</th><th>NIVEL</th></tr></thead><tbody><tr><td>Español</td><td>Nativo </td></tr><tr><td>Ingles</td><td>Intermedio</td></tr></tbody></table></figure>
<!-- /wp:table -->

<!-- wp:paragraph -->
<p></p>
<!-- /wp:paragraph -->]]></content:encoded>
  <excerpt:encoded><![CDATA[]]></excerpt:encoded>
  <wp:post_id>1</wp:post_id>
  <wp:post_date>2025-01-27 15:56:47</wp:post_date>
  <wp:post_date_gmt>2025-01-27 15:56:47</wp:post_date_gmt>
  <wp:post_modified>2025-02-10 11:50:16</wp:post_modified>
  <wp:post_modified_gmt>2025-02-10 16:50:16</wp:post_modified_gmt>
  <wp:comment_status>closed</wp:comment_status>
  <wp:ping_status>open</wp:ping_status>
  <wp:post_name>about</wp:post_name>
  <wp:status>publish</wp:status>
  <wp:post_parent>0</wp:post_parent>
  <wp:menu_order>0</wp:menu_order>
  <wp:post_type>page</wp:post_type>
  <wp:post_password/>
  <wp:is_sticky>0</wp:is_sticky>
  <wp:postmeta>
    <wp:meta_key>_wp_page_template</wp:meta_key>
    <wp:meta_value><![CDATA[default]]></wp:meta_value>
  </wp:postmeta>
  <wp:postmeta>
    <wp:meta_key>_elasticsearch_data_sharing_indexed_on</wp:meta_key>
    <wp:meta_value><![CDATA[2025-01-27 15:56:57]]></wp:meta_value>
  </wp:postmeta>
  <wp:postmeta>
    <wp:meta_key>_g_feedback_shortcode_87911d1aed509877b83a48ec536f768cdcd22df1</wp:meta_key>
    <wp:meta_value><![CDATA[
				[contact-field label="Nombre" type="name"  required="true" /]
				[contact-field label="Correo electrónico" type="email" required="true" /]
				[contact-field label="Web" type="url" /]
				[contact-field label="Mensaje" type="textarea" /]]]></wp:meta_value>
  </wp:postmeta>
  <wp:postmeta>
    <wp:meta_key>_g_feedback_shortcode_atts_87911d1aed509877b83a48ec536f768cdcd22df1</wp:meta_key>
    <wp:meta_value><![CDATA[a:17:{s:2:"to";s:27:"franco.pastrano16@gmail.com";s:7:"subject";s:26:"[Franco Pastrano] Sobre mi";s:12:"show_subject";s:2:"no";s:6:"widget";i:0;s:14:"block_template";N;s:19:"block_template_part";N;s:2:"id";i:1;s:18:"submit_button_text";s:6:"Enviar";s:14:"customThankyou";s:0:"";s:21:"customThankyouHeading";s:24:"Se ha enviado tu mensaje";s:21:"customThankyouMessage";s:24:"¡Gracias por tu envío!";s:22:"customThankyouRedirect";s:0:"";s:10:"jetpackCRM";b:1;s:9:"className";N;s:9:"postToUrl";N;s:14:"salesforceData";N;s:12:"hiddenFields";N;}]]></wp:meta_value>
  </wp:postmeta>
  <wp:postmeta>
    <wp:meta_key>_last_editor_used_jetpack</wp:meta_key>
    <wp:meta_value><![CDATA[block-editor]]></wp:meta_value>
  </wp:postmeta>
</item>
<item>
  <title><![CDATA[¡Hola mundo!]]></title>
  <link>https://francopastranowordperss.wordpress.com/2025/01/27/hello-world/</link>
  <pubDate>Mon, 27 Jan 2025 15:51:48 +0000</pubDate>
  <dc:creator>francopastrano16</dc:creator>
  <guid isPermaLink="false">https://francopastranowordperss.wordpress.com/2025/01/27/hello-world/</guid>
  <description/>
  <content:encoded><![CDATA[<!-- wp:paragraph -->
<p>Bienvenido a WordPress Esta es tu primera entrada. Empieza tu andadura en el mundo bloguero editándola o borrándola.</p>
<!-- /wp:paragraph -->]]></content:encoded>
  <excerpt:encoded><![CDATA[]]></excerpt:encoded>
  <wp:post_id>2</wp:post_id>
  <wp:post_date>2025-01-27 15:51:48</wp:post_date>
  <wp:post_date_gmt>2025-01-27 15:51:48</wp:post_date_gmt>
  <wp:post_modified>2025-01-27 15:51:48</wp:post_modified>
  <wp:post_modified_gmt>2025-01-27 15:51:48</wp:post_modified_gmt>
  <wp:comment_status>open</wp:comment_status>
  <wp:ping_status>open</wp:ping_status>
  <wp:post_name>hello-world</wp:post_name>
  <wp:status>publish</wp:status>
  <wp:post_parent>0</wp:post_parent>
  <wp:menu_order>0</wp:menu_order>
  <wp:post_type>post</wp:post_type>
  <wp:post_password/>
  <wp:is_sticky>0</wp:is_sticky>
  <category domain="category" nicename="uncategorized"><![CDATA[Uncategorized]]></category>
  <wp:postmeta>
    <wp:meta_key>_headstart_post</wp:meta_key>
    <wp:meta_value><![CDATA[_hs_extra]]></wp:meta_value>
  </wp:postmeta>
  <wp:postmeta>
    <wp:meta_key>sharing_disabled</wp:meta_key>
    <wp:meta_value><![CDATA[a:1:{i:0;N;}]]></wp:meta_value>
  </wp:postmeta>
  <wp:postmeta>
    <wp:meta_key>switch_like_status</wp:meta_key>
    <wp:meta_value><![CDATA[a:1:{i:0;N;}]]></wp:meta_value>
  </wp:postmeta>
  <wp:postmeta>
    <wp:meta_key>_starter_page_template</wp:meta_key>
    <wp:meta_value><![CDATA[]]></wp:meta_value>
  </wp:postmeta>
  <wp:postmeta>
    <wp:meta_key>_hs_old_id</wp:meta_key>
    <wp:meta_value><![CDATA[4]]></wp:meta_value>
  </wp:postmeta>
  <wp:postmeta>
    <wp:meta_key>_wpas_skip_all_services</wp:meta_key>
    <wp:meta_value><![CDATA[1]]></wp:meta_value>
  </wp:postmeta>
  <wp:postmeta>
    <wp:meta_key>_publicize_pending</wp:meta_key>
    <wp:meta_value><![CDATA[1]]></wp:meta_value>
  </wp:postmeta>
  <wp:postmeta>
    <wp:meta_key>_elasticsearch_data_sharing_indexed_on</wp:meta_key>
    <wp:meta_value><![CDATA[2025-01-27 15:56:49]]></wp:meta_value>
  </wp:postmeta>
</item>
<item>
  <title><![CDATA[Navegación]]></title>
  <link>https://francopastranowordperss.wordpress.com/2025/01/27/navigation/</link>
  <pubDate>Mon, 27 Jan 2025 15:56:56 +0000</pubDate>
  <dc:creator>francopastrano16</dc:creator>
  <guid isPermaLink="false">https://francopastranowordperss.wordpress.com/2025/01/27/navigation/</guid>
  <description/>
  <content:encoded><![CDATA[<!-- wp:navigation-link {"label":"Inicio","type":"page","id":7,"url":"https://francopastranowordperss.wordpress.com/","kind":"post-type"} /-->

<!-- wp:navigation-link {"label":"sobre mi","type":"page","id":1,"url":"https://francopastranowordperss.wordpress.com/about/","kind":"post-type"} /-->

<!-- wp:navigation-link {"label":"Linkedin","type":"link","url":"www.linkedin.com/in/franco-pastrano","kind":"custom"} /-->

<!-- wp:navigation-link {"label":"Curriculum","url":"https://github.com/Elxander16","kind":"custom"} /-->

<!-- wp:navigation-link {"label":"Contacto","url":"Contacto","kind":"custom"} /-->

<!-- wp:navigation-link {"label":"Blog","type":"link","url":"https://xander16xd.blogspot.com/","kind":"custom"} /-->]]></content:encoded>
  <excerpt:encoded><![CDATA[]]></excerpt:encoded>
  <wp:post_id>3</wp:post_id>
  <wp:post_date>2025-01-27 10:56:56</wp:post_date>
  <wp:post_date_gmt>2025-01-27 15:56:56</wp:post_date_gmt>
  <wp:post_modified>2025-02-10 11:46:52</wp:post_modified>
  <wp:post_modified_gmt>2025-02-10 16:46:52</wp:post_modified_gmt>
  <wp:comment_status>closed</wp:comment_status>
  <wp:ping_status>closed</wp:ping_status>
  <wp:post_name>navigation</wp:post_name>
  <wp:status>publish</wp:status>
  <wp:post_parent>0</wp:post_parent>
  <wp:menu_order>0</wp:menu_order>
  <wp:post_type>wp_navigation</wp:post_type>
  <wp:post_password/>
  <wp:is_sticky>0</wp:is_sticky>
</item>
<item>
  <title><![CDATA[Custom Styles]]></title>
  <link>https://francopastranowordperss.wordpress.com/2025/01/27/wp-global-styles-pub%2ftwentytwentyfive/</link>
  <pubDate>Mon, 27 Jan 2025 15:57:32 +0000</pubDate>
  <dc:creator>francopastrano16</dc:creator>
  <guid isPermaLink="false">https://francopastranowordperss.wordpress.com/2025/01/27/wp-global-styles-pub%2ftwentytwentyfive/</guid>
  <description/>
  <content:encoded><![CDATA[{"version":3,"isGlobalStylesUserThemeJSON":true}]]></content:encoded>
  <excerpt:encoded><![CDATA[]]></excerpt:encoded>
  <wp:post_id>4</wp:post_id>
  <wp:post_date>2025-01-27 10:57:32</wp:post_date>
  <wp:post_date_gmt>2025-01-27 15:57:32</wp:post_date_gmt>
  <wp:post_modified>2025-01-27 10:57:32</wp:post_modified>
  <wp:post_modified_gmt>2025-01-27 15:57:32</wp:post_modified_gmt>
  <wp:comment_status>closed</wp:comment_status>
  <wp:ping_status>closed</wp:ping_status>
  <wp:post_name>wp-global-styles-pub%2ftwentytwentyfive</wp:post_name>
  <wp:status>publish</wp:status>
  <wp:post_parent>0</wp:post_parent>
  <wp:menu_order>0</wp:menu_order>
  <wp:post_type>wp_global_styles</wp:post_type>
  <wp:post_password/>
  <wp:is_sticky>0</wp:is_sticky>
  <category domain="wp_theme" nicename="twentytwentyfive"><![CDATA[twentytwentyfive]]></category>
  <wp:postmeta>
    <wp:meta_key>_publicize_pending</wp:meta_key>
    <wp:meta_value><![CDATA[1]]></wp:meta_value>
  </wp:postmeta>
</item>
<item>
  <title><![CDATA[4952154712162020912]]></title>
  <link>https://francopastranowordperss.wordpress.com/4952154712162020912/</link>
  <pubDate>Mon, 27 Jan 2025 16:28:21 +0000</pubDate>
  <dc:creator>francopastrano16</dc:creator>
  <guid isPermaLink="false">http://francopastranowordperss.files.wordpress.com/2025/01/4952154712162020912.jpg</guid>
  <description/>
  <content:encoded><![CDATA[]]></content:encoded>
  <excerpt:encoded><![CDATA[]]></excerpt:encoded>
  <wp:post_id>5</wp:post_id>
  <wp:post_date>2025-01-27 11:28:21</wp:post_date>
  <wp:post_date_gmt>2025-01-27 16:28:21</wp:post_date_gmt>
  <wp:post_modified>2025-01-27 11:28:21</wp:post_modified>
  <wp:post_modified_gmt>2025-01-27 16:28:21</wp:post_modified_gmt>
  <wp:comment_status>open</wp:comment_status>
  <wp:ping_status>closed</wp:ping_status>
  <wp:post_name>4952154712162020912</wp:post_name>
  <wp:status>inherit</wp:status>
  <wp:post_parent>0</wp:post_parent>
  <wp:menu_order>0</wp:menu_order>
  <wp:post_type>attachment</wp:post_type>
  <wp:post_password/>
  <wp:is_sticky>0</wp:is_sticky>
  <wp:attachment_url>https://francopastranowordperss.wordpress.com/wp-content/uploads/2025/01/4952154712162020912.jpg</wp:attachment_url>
  <wp:postmeta>
    <wp:meta_key>_wp_attached_file</wp:meta_key>
    <wp:meta_value><![CDATA[/home/wpcom/public_html/wp-content/blogs.dir/f2c/241125334/files/2025/01/4952154712162020912.jpg]]></wp:meta_value>
  </wp:postmeta>
  <wp:postmeta>
    <wp:meta_key>_wp_attachment_metadata</wp:meta_key>
    <wp:meta_value><![CDATA[a:6:{s:5:"width";i:1157;s:6:"height";i:823;s:4:"file";s:96:"/home/wpcom/public_html/wp-content/blogs.dir/f2c/241125334/files/2025/01/4952154712162020912.jpg";s:8:"filesize";i:22025;s:5:"sizes";a:0:{}s:10:"image_meta";a:12:{s:8:"aperture";s:1:"0";s:6:"credit";s:0:"";s:6:"camera";s:0:"";s:7:"caption";s:0:"";s:17:"created_timestamp";s:1:"0";s:9:"copyright";s:0:"";s:12:"focal_length";s:1:"0";s:3:"iso";s:1:"0";s:13:"shutter_speed";s:1:"0";s:5:"title";s:0:"";s:11:"orientation";s:1:"0";s:8:"keywords";a:0:{}}}]]></wp:meta_value>
  </wp:postmeta>
</item>
<item>
  <title><![CDATA[cropped-4952154712162020912]]></title>
  <link>https://francopastranowordperss.wordpress.com/cropped-4952154712162020912/</link>
  <pubDate>Mon, 27 Jan 2025 16:28:33 +0000</pubDate>
  <dc:creator>francopastrano16</dc:creator>
  <guid isPermaLink="false">http://francopastranowordperss.files.wordpress.com/2025/01/cropped-4952154712162020912.jpg</guid>
  <description/>
  <content:encoded><![CDATA[]]></content:encoded>
  <excerpt:encoded><![CDATA[]]></excerpt:encoded>
  <wp:post_id>6</wp:post_id>
  <wp:post_date>2025-01-27 11:28:33</wp:post_date>
  <wp:post_date_gmt>2025-01-27 16:28:33</wp:post_date_gmt>
  <wp:post_modified>2025-01-27 11:28:33</wp:post_modified>
  <wp:post_modified_gmt>2025-01-27 16:28:33</wp:post_modified_gmt>
  <wp:comment_status>open</wp:comment_status>
  <wp:ping_status>closed</wp:ping_status>
  <wp:post_name>cropped-4952154712162020912</wp:post_name>
  <wp:status>inherit</wp:status>
  <wp:post_parent>0</wp:post_parent>
  <wp:menu_order>0</wp:menu_order>
  <wp:post_type>attachment</wp:post_type>
  <wp:post_password/>
  <wp:is_sticky>0</wp:is_sticky>
  <wp:attachment_url>https://francopastranowordperss.wordpress.com/wp-content/uploads/2025/01/cropped-4952154712162020912.jpg</wp:attachment_url>
  <wp:postmeta>
    <wp:meta_key>_wp_attached_file</wp:meta_key>
    <wp:meta_value><![CDATA[/home/wpcom/public_html/wp-content/blogs.dir/f2c/241125334/files/2025/01/cropped-4952154712162020912.jpg]]></wp:meta_value>
  </wp:postmeta>
  <wp:postmeta>
    <wp:meta_key>_wp_attachment_metadata</wp:meta_key>
    <wp:meta_value><![CDATA[a:6:{s:5:"width";i:822;s:6:"height";i:822;s:4:"file";s:104:"/home/wpcom/public_html/wp-content/blogs.dir/f2c/241125334/files/2025/01/cropped-4952154712162020912.jpg";s:8:"filesize";i:63067;s:5:"sizes";a:0:{}s:10:"image_meta";a:12:{s:8:"aperture";s:1:"0";s:6:"credit";s:0:"";s:6:"camera";s:0:"";s:7:"caption";s:0:"";s:17:"created_timestamp";s:1:"0";s:9:"copyright";s:0:"";s:12:"focal_length";s:1:"0";s:3:"iso";s:1:"0";s:13:"shutter_speed";s:1:"0";s:5:"title";s:0:"";s:11:"orientation";s:1:"0";s:8:"keywords";a:0:{}}}]]></wp:meta_value>
  </wp:postmeta>
</item>
<item>
  <title><![CDATA[Inicio]]></title>
  <link>https://francopastranowordperss.wordpress.com/inicio/</link>
  <pubDate>Mon, 27 Jan 2025 16:41:07 +0000</pubDate>
  <dc:creator>francopastrano16</dc:creator>
  <guid isPermaLink="false">https://francopastranowordperss.wordpress.com/?page_id=7</guid>
  <description/>
  <content:encoded><![CDATA[<!-- wp:group {"metadata":{"name":"Header","categories":["header"],"patternName":"a8c/header-logo-left-menu-centered-social-right"},"align":"full","style":{"spacing":{"padding":{"top":"var:preset|spacing|30","bottom":"var:preset|spacing|30","left":"var(\u002d\u002dwp\u002d\u002dstyle\u002d\u002droot\u002d\u002dpadding-left, var(\u002d\u002dwp\u002d\u002dcustom\u002d\u002dgap\u002d\u002dhorizontal))","right":"var(\u002d\u002dwp\u002d\u002dstyle\u002d\u002droot\u002d\u002dpadding-right, var(\u002d\u002dwp\u002d\u002dcustom\u002d\u002dgap\u002d\u002dhorizontal))"},"margin":{"top":"0","bottom":"0"}}},"layout":{"type":"constrained","justifyContent":"center"}} -->
<div class="wp-block-group alignfull" style="margin-top:0;margin-bottom:0;padding-top:var(--wp--preset--spacing--30);padding-right:var(--wp--style--root--padding-right, var(--wp--custom--gap--horizontal));padding-bottom:var(--wp--preset--spacing--30);padding-left:var(--wp--style--root--padding-left, var(--wp--custom--gap--horizontal))"><!-- wp:group {"tagName":"header","metadata":{"name":"Contents"},"align":"wide","style":{"spacing":{"margin":{"top":"0","bottom":"0"},"blockGap":"var:preset|spacing|40"}},"layout":{"type":"flex","flexWrap":"nowrap","justifyContent":"left","orientation":"horizontal"}} -->
<header class="wp-block-group alignwide" style="margin-top:0;margin-bottom:0"><!-- wp:group {"className":"grow  md:grow-0","style":{"layout":{"selfStretch":"fixed","flexSize":"25%"}},"layout":{"type":"flex","flexWrap":"nowrap","justifyContent":"left"}} -->
<div class="wp-block-group grow md:grow-0"><!-- wp:site-title /--></div>
<!-- /wp:group -->

<!-- wp:navigation {"ref":3,"className":"order-1 md:order-0","style":{"layout":{"selfStretch":"fit","flexSize":null}},"layout":{"type":"flex","justifyContent":"center"}} /-->

<!-- wp:group {"className":"grow md:grow-0","style":{"spacing":{"blockGap":"var:preset|spacing|20"},"layout":{"selfStretch":"fixed","flexSize":"25%"}},"layout":{"type":"flex","flexWrap":"nowrap","justifyContent":"right"}} -->
<div class="wp-block-group grow md:grow-0"><!-- wp:social-links {"className":"is-style-logos-only","style":{"spacing":{"blockGap":{"left":"8px"}}},"layout":{"type":"flex","flexWrap":"nowrap"}} -->
<ul class="wp-block-social-links is-style-logos-only"><!-- wp:social-link {"service":"github"} /-->

<!-- wp:social-link {"service":"linkedin"} /--></ul>
<!-- /wp:social-links --></div>
<!-- /wp:group --></header>
<!-- /wp:group --></div>
<!-- /wp:group -->

<!-- wp:media-text {"align":"full","mediaId":22,"mediaLink":"https://francopastranowordperss.wordpress.com/playa-2/","mediaType":"image","imageFill":true} -->
<div class="wp-block-media-text alignfull is-stacked-on-mobile is-image-fill-element"><figure class="wp-block-media-text__media"><img src="https://francopastranowordperss.wordpress.com/wp-content/uploads/2025/01/playa-1.jpg?w=300" alt="" class="wp-image-22 size-full" style="object-position:50% 50%" /></figure><div class="wp-block-media-text__content"><!-- wp:cover {"overlayColor":"background","isUserOverlayColor":true,"minHeight":95,"minHeightUnit":"vh","className":"is-light"} -->
<div class="wp-block-cover is-light" style="min-height:95vh"><span aria-hidden="true" class="wp-block-cover__background has-background-background-color has-background-dim-100 has-background-dim"></span><div class="wp-block-cover__inner-container"><!-- wp:image {"id":19,"sizeSlug":"large","linkDestination":"none","align":"center","className":"is-resized is-style-rounded"} -->
<figure class="wp-block-image aligncenter size-large is-resized is-style-rounded"><img src="https://francopastranowordperss.wordpress.com/wp-content/uploads/2025/01/franco-pastrano-1.jpg?w=1024" alt="" class="wp-image-19" /></figure>
<!-- /wp:image -->

<!-- wp:heading {"textAlign":"center","level":1,"style":{"elements":{"link":{"color":{"text":"var:preset|color|foreground"}}}},"textColor":"foreground"} -->
<h1 class="wp-block-heading has-text-align-center has-foreground-color has-text-color has-link-color"><strong>franco pastrano</strong></h1>
<!-- /wp:heading -->

<!-- wp:paragraph {"align":"center","style":{"elements":{"link":{"color":{"text":"var:preset|color|primary"}}}},"backgroundColor":"background","textColor":"primary"} -->
<p class="has-text-align-center has-primary-color has-background-background-color has-text-color has-background has-link-color">Especialista en marketing digital y experto encrear contenido audiovisual en las plataformas más usadas como Instagram, TikTok con un enfoque basado en técnicas de<br>Engagement y de retención del espectador en mayor tiempo posible.</p>
<!-- /wp:paragraph -->

<!-- wp:paragraph {"align":"center","style":{"elements":{"link":{"color":{"text":"var:preset|color|primary"}}}},"backgroundColor":"background","textColor":"primary"} -->
<p class="has-text-align-center has-primary-color has-background-background-color has-text-color has-background has-link-color"></p>
<!-- /wp:paragraph -->

<!-- wp:social-links {"align":"center","className":"is-style-default"} -->
<ul class="wp-block-social-links aligncenter is-style-default"><!-- wp:social-link {"url":"www.linkedin.com/in/franco-pastrano","service":"linkedin"} /-->

<!-- wp:social-link {"url":"https://github.com/Elxander16","service":"chain"} /--></ul>
<!-- /wp:social-links --></div></div>
<!-- /wp:cover --></div></div>
<!-- /wp:media-text -->

<!-- wp:paragraph -->
<p></p>
<!-- /wp:paragraph -->]]></content:encoded>
  <excerpt:encoded><![CDATA[]]></excerpt:encoded>
  <wp:post_id>7</wp:post_id>
  <wp:post_date>2025-01-27 11:41:07</wp:post_date>
  <wp:post_date_gmt>2025-01-27 16:41:07</wp:post_date_gmt>
  <wp:post_modified>2025-02-10 10:41:30</wp:post_modified>
  <wp:post_modified_gmt>2025-02-10 15:41:30</wp:post_modified_gmt>
  <wp:comment_status>closed</wp:comment_status>
  <wp:ping_status>closed</wp:ping_status>
  <wp:post_name>inicio</wp:post_name>
  <wp:status>publish</wp:status>
  <wp:post_parent>0</wp:post_parent>
  <wp:menu_order>0</wp:menu_order>
  <wp:post_type>page</wp:post_type>
  <wp:post_password/>
  <wp:is_sticky>0</wp:is_sticky>
  <wp:postmeta>
    <wp:meta_key>_tft_homepage_template</wp:meta_key>
    <wp:meta_value><![CDATA[pub/baker]]></wp:meta_value>
  </wp:postmeta>
  <wp:postmeta>
    <wp:meta_key>_publicize_pending</wp:meta_key>
    <wp:meta_value><![CDATA[1]]></wp:meta_value>
  </wp:postmeta>
  <wp:postmeta>
    <wp:meta_key>_elasticsearch_data_sharing_indexed_on</wp:meta_key>
    <wp:meta_value><![CDATA[2025-01-27 16:41:12]]></wp:meta_value>
  </wp:postmeta>
  <wp:postmeta>
    <wp:meta_key>_g_feedback_shortcode_784f9382156ed25a9f0b94102a68cccf0240c765</wp:meta_key>
    <wp:meta_value><![CDATA[
				[contact-field label="Nombre" type="name"  required="true" /]
				[contact-field label="Correo electrónico" type="email" required="true" /]
				[contact-field label="Web" type="url" /]
				[contact-field label="Mensaje" type="textarea" /]]]></wp:meta_value>
  </wp:postmeta>
  <wp:postmeta>
    <wp:meta_key>_g_feedback_shortcode_atts_784f9382156ed25a9f0b94102a68cccf0240c765</wp:meta_key>
    <wp:meta_value><![CDATA[a:17:{s:2:"to";s:27:"franco.pastrano16@gmail.com";s:7:"subject";s:24:"[Franco Pastrano] Inicio";s:12:"show_subject";s:2:"no";s:6:"widget";i:0;s:14:"block_template";N;s:19:"block_template_part";N;s:2:"id";i:7;s:18:"submit_button_text";s:6:"Enviar";s:14:"customThankyou";s:0:"";s:21:"customThankyouHeading";s:24:"Se ha enviado tu mensaje";s:21:"customThankyouMessage";s:24:"¡Gracias por tu envío!";s:22:"customThankyouRedirect";s:0:"";s:10:"jetpackCRM";b:1;s:9:"className";N;s:9:"postToUrl";N;s:14:"salesforceData";N;s:12:"hiddenFields";N;}]]></wp:meta_value>
  </wp:postmeta>
  <wp:postmeta>
    <wp:meta_key>_last_editor_used_jetpack</wp:meta_key>
    <wp:meta_value><![CDATA[block-editor]]></wp:meta_value>
  </wp:postmeta>
</item>
<item>
  <title><![CDATA[Blog]]></title>
  <link>https://francopastranowordperss.wordpress.com/blog/</link>
  <pubDate>Mon, 27 Jan 2025 16:41:09 +0000</pubDate>
  <dc:creator>francopastrano16</dc:creator>
  <guid isPermaLink="false">https://francopastranowordperss.wordpress.com/blog/</guid>
  <description/>
  <content:encoded><![CDATA[]]></content:encoded>
  <excerpt:encoded><![CDATA[]]></excerpt:encoded>
  <wp:post_id>9</wp:post_id>
  <wp:post_date>2025-01-27 11:41:09</wp:post_date>
  <wp:post_date_gmt>2025-01-27 16:41:09</wp:post_date_gmt>
  <wp:post_modified>2025-01-27 11:41:09</wp:post_modified>
  <wp:post_modified_gmt>2025-01-27 16:41:09</wp:post_modified_gmt>
  <wp:comment_status>closed</wp:comment_status>
  <wp:ping_status>closed</wp:ping_status>
  <wp:post_name>blog</wp:post_name>
  <wp:status>publish</wp:status>
  <wp:post_parent>0</wp:post_parent>
  <wp:menu_order>0</wp:menu_order>
  <wp:post_type>page</wp:post_type>
  <wp:post_password/>
  <wp:is_sticky>0</wp:is_sticky>
  <wp:postmeta>
    <wp:meta_key>_tft_posts_page</wp:meta_key>
    <wp:meta_value><![CDATA[1]]></wp:meta_value>
  </wp:postmeta>
  <wp:postmeta>
    <wp:meta_key>_publicize_pending</wp:meta_key>
    <wp:meta_value><![CDATA[1]]></wp:meta_value>
  </wp:postmeta>
  <wp:postmeta>
    <wp:meta_key>_elasticsearch_data_sharing_indexed_on</wp:meta_key>
    <wp:meta_value><![CDATA[2025-01-27 16:41:12]]></wp:meta_value>
  </wp:postmeta>
</item>
<item>
  <title><![CDATA[4952154712162020912]]></title>
  <link>https://francopastranowordperss.wordpress.com/inicio/4952154712162020912-2/</link>
  <pubDate>Mon, 27 Jan 2025 16:43:59 +0000</pubDate>
  <dc:creator>francopastrano16</dc:creator>
  <guid isPermaLink="false">http://francopastranowordperss.files.wordpress.com/2025/01/4952154712162020912-1.jpg</guid>
  <description/>
  <content:encoded><![CDATA[]]></content:encoded>
  <excerpt:encoded><![CDATA[]]></excerpt:encoded>
  <wp:post_id>10</wp:post_id>
  <wp:post_date>2025-01-27 11:43:59</wp:post_date>
  <wp:post_date_gmt>2025-01-27 16:43:59</wp:post_date_gmt>
  <wp:post_modified>2025-01-27 11:43:59</wp:post_modified>
  <wp:post_modified_gmt>2025-01-27 16:43:59</wp:post_modified_gmt>
  <wp:comment_status>open</wp:comment_status>
  <wp:ping_status>closed</wp:ping_status>
  <wp:post_name>4952154712162020912-2</wp:post_name>
  <wp:status>inherit</wp:status>
  <wp:post_parent>7</wp:post_parent>
  <wp:menu_order>0</wp:menu_order>
  <wp:post_type>attachment</wp:post_type>
  <wp:post_password/>
  <wp:is_sticky>0</wp:is_sticky>
  <wp:attachment_url>https://francopastranowordperss.wordpress.com/wp-content/uploads/2025/01/4952154712162020912-1.jpg</wp:attachment_url>
  <wp:postmeta>
    <wp:meta_key>_wp_attached_file</wp:meta_key>
    <wp:meta_value><![CDATA[/home/wpcom/public_html/wp-content/blogs.dir/f2c/241125334/files/2025/01/4952154712162020912-1.jpg]]></wp:meta_value>
  </wp:postmeta>
  <wp:postmeta>
    <wp:meta_key>_wp_attachment_metadata</wp:meta_key>
    <wp:meta_value><![CDATA[a:6:{s:5:"width";i:1157;s:6:"height";i:823;s:4:"file";s:98:"/home/wpcom/public_html/wp-content/blogs.dir/f2c/241125334/files/2025/01/4952154712162020912-1.jpg";s:8:"filesize";i:22025;s:5:"sizes";a:0:{}s:10:"image_meta";a:12:{s:8:"aperture";s:1:"0";s:6:"credit";s:0:"";s:6:"camera";s:0:"";s:7:"caption";s:0:"";s:17:"created_timestamp";s:1:"0";s:9:"copyright";s:0:"";s:12:"focal_length";s:1:"0";s:3:"iso";s:1:"0";s:13:"shutter_speed";s:1:"0";s:5:"title";s:0:"";s:11:"orientation";s:1:"0";s:8:"keywords";a:0:{}}}]]></wp:meta_value>
  </wp:postmeta>
</item>
<item>
  <title><![CDATA[franco-pastrano]]></title>
  <link>https://francopastranowordperss.wordpress.com/inicio/franco-pastrano/</link>
  <pubDate>Mon, 27 Jan 2025 16:49:41 +0000</pubDate>
  <dc:creator>francopastrano16</dc:creator>
  <guid isPermaLink="false">http://francopastranowordperss.files.wordpress.com/2025/01/franco-pastrano.jpg</guid>
  <description/>
  <content:encoded><![CDATA[]]></content:encoded>
  <excerpt:encoded><![CDATA[]]></excerpt:encoded>
  <wp:post_id>14</wp:post_id>
  <wp:post_date>2025-01-27 11:49:41</wp:post_date>
  <wp:post_date_gmt>2025-01-27 16:49:41</wp:post_date_gmt>
  <wp:post_modified>2025-01-27 11:49:41</wp:post_modified>
  <wp:post_modified_gmt>2025-01-27 16:49:41</wp:post_modified_gmt>
  <wp:comment_status>open</wp:comment_status>
  <wp:ping_status>closed</wp:ping_status>
  <wp:post_name>franco-pastrano</wp:post_name>
  <wp:status>inherit</wp:status>
  <wp:post_parent>7</wp:post_parent>
  <wp:menu_order>0</wp:menu_order>
  <wp:post_type>attachment</wp:post_type>
  <wp:post_password/>
  <wp:is_sticky>0</wp:is_sticky>
  <wp:attachment_url>https://francopastranowordperss.wordpress.com/wp-content/uploads/2025/01/franco-pastrano.jpg</wp:attachment_url>
  <wp:postmeta>
    <wp:meta_key>_wp_attached_file</wp:meta_key>
    <wp:meta_value><![CDATA[/home/wpcom/public_html/wp-content/blogs.dir/f2c/241125334/files/2025/01/franco-pastrano.jpg]]></wp:meta_value>
  </wp:postmeta>
  <wp:postmeta>
    <wp:meta_key>_wp_attachment_metadata</wp:meta_key>
    <wp:meta_value><![CDATA[a:6:{s:5:"width";i:1157;s:6:"height";i:823;s:4:"file";s:92:"/home/wpcom/public_html/wp-content/blogs.dir/f2c/241125334/files/2025/01/franco-pastrano.jpg";s:8:"filesize";i:22025;s:5:"sizes";a:0:{}s:10:"image_meta";a:12:{s:8:"aperture";s:1:"0";s:6:"credit";s:0:"";s:6:"camera";s:0:"";s:7:"caption";s:0:"";s:17:"created_timestamp";s:1:"0";s:9:"copyright";s:0:"";s:12:"focal_length";s:1:"0";s:3:"iso";s:1:"0";s:13:"shutter_speed";s:1:"0";s:5:"title";s:0:"";s:11:"orientation";s:1:"0";s:8:"keywords";a:0:{}}}]]></wp:meta_value>
  </wp:postmeta>
</item>
<item>
  <title><![CDATA[playa]]></title>
  <link>https://francopastranowordperss.wordpress.com/inicio/playa/</link>
  <pubDate>Mon, 27 Jan 2025 16:52:14 +0000</pubDate>
  <dc:creator>francopastrano16</dc:creator>
  <guid isPermaLink="false">http://francopastranowordperss.files.wordpress.com/2025/01/playa.jpg</guid>
  <description/>
  <content:encoded><![CDATA[]]></content:encoded>
  <excerpt:encoded><![CDATA[]]></excerpt:encoded>
  <wp:post_id>17</wp:post_id>
  <wp:post_date>2025-01-27 11:52:14</wp:post_date>
  <wp:post_date_gmt>2025-01-27 16:52:14</wp:post_date_gmt>
  <wp:post_modified>2025-01-27 11:52:14</wp:post_modified>
  <wp:post_modified_gmt>2025-01-27 16:52:14</wp:post_modified_gmt>
  <wp:comment_status>open</wp:comment_status>
  <wp:ping_status>closed</wp:ping_status>
  <wp:post_name>playa</wp:post_name>
  <wp:status>inherit</wp:status>
  <wp:post_parent>7</wp:post_parent>
  <wp:menu_order>0</wp:menu_order>
  <wp:post_type>attachment</wp:post_type>
  <wp:post_password/>
  <wp:is_sticky>0</wp:is_sticky>
  <wp:attachment_url>https://francopastranowordperss.wordpress.com/wp-content/uploads/2025/01/playa.jpg</wp:attachment_url>
  <wp:postmeta>
    <wp:meta_key>_wp_attached_file</wp:meta_key>
    <wp:meta_value><![CDATA[/home/wpcom/public_html/wp-content/blogs.dir/f2c/241125334/files/2025/01/playa.jpg]]></wp:meta_value>
  </wp:postmeta>
  <wp:postmeta>
    <wp:meta_key>_wp_attachment_metadata</wp:meta_key>
    <wp:meta_value><![CDATA[a:6:{s:5:"width";i:300;s:6:"height";i:168;s:4:"file";s:82:"/home/wpcom/public_html/wp-content/blogs.dir/f2c/241125334/files/2025/01/playa.jpg";s:8:"filesize";i:8409;s:5:"sizes";a:0:{}s:10:"image_meta";a:12:{s:8:"aperture";s:1:"0";s:6:"credit";s:0:"";s:6:"camera";s:0:"";s:7:"caption";s:0:"";s:17:"created_timestamp";s:1:"0";s:9:"copyright";s:0:"";s:12:"focal_length";s:1:"0";s:3:"iso";s:1:"0";s:13:"shutter_speed";s:1:"0";s:5:"title";s:0:"";s:11:"orientation";s:1:"0";s:8:"keywords";a:0:{}}}]]></wp:meta_value>
  </wp:postmeta>
</item>
<item>
  <title><![CDATA[franco-pastrano]]></title>
  <link>https://francopastranowordperss.wordpress.com/inicio/franco-pastrano-2/</link>
  <pubDate>Wed, 29 Jan 2025 15:14:39 +0000</pubDate>
  <dc:creator>francopastrano16</dc:creator>
  <guid isPermaLink="false">http://francopastranowordperss.files.wordpress.com/2025/01/franco-pastrano-1.jpg</guid>
  <description/>
  <content:encoded><![CDATA[]]></content:encoded>
  <excerpt:encoded><![CDATA[]]></excerpt:encoded>
  <wp:post_id>19</wp:post_id>
  <wp:post_date>2025-01-29 10:14:39</wp:post_date>
  <wp:post_date_gmt>2025-01-29 15:14:39</wp:post_date_gmt>
  <wp:post_modified>2025-01-29 10:14:39</wp:post_modified>
  <wp:post_modified_gmt>2025-01-29 15:14:39</wp:post_modified_gmt>
  <wp:comment_status>open</wp:comment_status>
  <wp:ping_status>closed</wp:ping_status>
  <wp:post_name>franco-pastrano-2</wp:post_name>
  <wp:status>inherit</wp:status>
  <wp:post_parent>7</wp:post_parent>
  <wp:menu_order>0</wp:menu_order>
  <wp:post_type>attachment</wp:post_type>
  <wp:post_password/>
  <wp:is_sticky>0</wp:is_sticky>
  <wp:attachment_url>https://francopastranowordperss.wordpress.com/wp-content/uploads/2025/01/franco-pastrano-1.jpg</wp:attachment_url>
  <wp:postmeta>
    <wp:meta_key>_wp_attached_file</wp:meta_key>
    <wp:meta_value><![CDATA[/home/wpcom/public_html/wp-content/blogs.dir/f2c/241125334/files/2025/01/franco-pastrano-1.jpg]]></wp:meta_value>
  </wp:postmeta>
  <wp:postmeta>
    <wp:meta_key>_wp_attachment_metadata</wp:meta_key>
    <wp:meta_value><![CDATA[a:6:{s:5:"width";i:1157;s:6:"height";i:823;s:4:"file";s:94:"/home/wpcom/public_html/wp-content/blogs.dir/f2c/241125334/files/2025/01/franco-pastrano-1.jpg";s:8:"filesize";i:22025;s:5:"sizes";a:0:{}s:10:"image_meta";a:12:{s:8:"aperture";s:1:"0";s:6:"credit";s:0:"";s:6:"camera";s:0:"";s:7:"caption";s:0:"";s:17:"created_timestamp";s:1:"0";s:9:"copyright";s:0:"";s:12:"focal_length";s:1:"0";s:3:"iso";s:1:"0";s:13:"shutter_speed";s:1:"0";s:5:"title";s:0:"";s:11:"orientation";s:1:"0";s:8:"keywords";a:0:{}}}]]></wp:meta_value>
  </wp:postmeta>
</item>
<item>
  <title><![CDATA[playa]]></title>
  <link>https://francopastranowordperss.wordpress.com/inicio/playa-2/</link>
  <pubDate>Wed, 29 Jan 2025 15:21:39 +0000</pubDate>
  <dc:creator>francopastrano16</dc:creator>
  <guid isPermaLink="false">http://francopastranowordperss.files.wordpress.com/2025/01/playa-1.jpg</guid>
  <description/>
  <content:encoded><![CDATA[]]></content:encoded>
  <excerpt:encoded><![CDATA[]]></excerpt:encoded>
  <wp:post_id>22</wp:post_id>
  <wp:post_date>2025-01-29 10:21:39</wp:post_date>
  <wp:post_date_gmt>2025-01-29 15:21:39</wp:post_date_gmt>
  <wp:post_modified>2025-01-29 10:21:39</wp:post_modified>
  <wp:post_modified_gmt>2025-01-29 15:21:39</wp:post_modified_gmt>
  <wp:comment_status>open</wp:comment_status>
  <wp:ping_status>closed</wp:ping_status>
  <wp:post_name>playa-2</wp:post_name>
  <wp:status>inherit</wp:status>
  <wp:post_parent>7</wp:post_parent>
  <wp:menu_order>0</wp:menu_order>
  <wp:post_type>attachment</wp:post_type>
  <wp:post_password/>
  <wp:is_sticky>0</wp:is_sticky>
  <wp:attachment_url>https://francopastranowordperss.wordpress.com/wp-content/uploads/2025/01/playa-1.jpg</wp:attachment_url>
  <wp:postmeta>
    <wp:meta_key>_wp_attached_file</wp:meta_key>
    <wp:meta_value><![CDATA[/home/wpcom/public_html/wp-content/blogs.dir/f2c/241125334/files/2025/01/playa-1.jpg]]></wp:meta_value>
  </wp:postmeta>
  <wp:postmeta>
    <wp:meta_key>_wp_attachment_metadata</wp:meta_key>
    <wp:meta_value><![CDATA[a:6:{s:5:"width";i:300;s:6:"height";i:168;s:4:"file";s:84:"/home/wpcom/public_html/wp-content/blogs.dir/f2c/241125334/files/2025/01/playa-1.jpg";s:8:"filesize";i:8409;s:5:"sizes";a:0:{}s:10:"image_meta";a:12:{s:8:"aperture";s:1:"0";s:6:"credit";s:0:"";s:6:"camera";s:0:"";s:7:"caption";s:0:"";s:17:"created_timestamp";s:1:"0";s:9:"copyright";s:0:"";s:12:"focal_length";s:1:"0";s:3:"iso";s:1:"0";s:13:"shutter_speed";s:1:"0";s:5:"title";s:0:"";s:11:"orientation";s:1:"0";s:8:"keywords";a:0:{}}}]]></wp:meta_value>
  </wp:postmeta>
</item>
<item>
  <title><![CDATA[4920352897401728426]]></title>
  <link>https://francopastranowordperss.wordpress.com/about/attachment/4920352897401728426/</link>
  <pubDate>Mon, 10 Feb 2025 15:53:59 +0000</pubDate>
  <dc:creator>francopastrano16</dc:creator>
  <guid isPermaLink="false">http://francopastranowordperss.files.wordpress.com/2025/02/4920352897401728426.jpg</guid>
  <description/>
  <content:encoded><![CDATA[]]></content:encoded>
  <excerpt:encoded><![CDATA[]]></excerpt:encoded>
  <wp:post_id>31</wp:post_id>
  <wp:post_date>2025-02-10 10:53:59</wp:post_date>
  <wp:post_date_gmt>2025-02-10 15:53:59</wp:post_date_gmt>
  <wp:post_modified>2025-02-10 10:53:59</wp:post_modified>
  <wp:post_modified_gmt>2025-02-10 15:53:59</wp:post_modified_gmt>
  <wp:comment_status>open</wp:comment_status>
  <wp:ping_status>closed</wp:ping_status>
  <wp:post_name>4920352897401728426</wp:post_name>
  <wp:status>inherit</wp:status>
  <wp:post_parent>1</wp:post_parent>
  <wp:menu_order>0</wp:menu_order>
  <wp:post_type>attachment</wp:post_type>
  <wp:post_password/>
  <wp:is_sticky>0</wp:is_sticky>
  <wp:attachment_url>https://francopastranowordperss.wordpress.com/wp-content/uploads/2025/02/4920352897401728426.jpg</wp:attachment_url>
  <wp:postmeta>
    <wp:meta_key>_wp_attached_file</wp:meta_key>
    <wp:meta_value><![CDATA[/home/wpcom/public_html/wp-content/blogs.dir/f2c/241125334/files/2025/02/4920352897401728426.jpg]]></wp:meta_value>
  </wp:postmeta>
  <wp:postmeta>
    <wp:meta_key>_wp_attachment_metadata</wp:meta_key>
    <wp:meta_value><![CDATA[a:6:{s:5:"width";i:971;s:6:"height";i:1280;s:4:"file";s:96:"/home/wpcom/public_html/wp-content/blogs.dir/f2c/241125334/files/2025/02/4920352897401728426.jpg";s:8:"filesize";i:149586;s:5:"sizes";a:0:{}s:10:"image_meta";a:12:{s:8:"aperture";s:1:"0";s:6:"credit";s:0:"";s:6:"camera";s:0:"";s:7:"caption";s:0:"";s:17:"created_timestamp";s:1:"0";s:9:"copyright";s:0:"";s:12:"focal_length";s:1:"0";s:3:"iso";s:1:"0";s:13:"shutter_speed";s:1:"0";s:5:"title";s:0:"";s:11:"orientation";s:1:"0";s:8:"keywords";a:0:{}}}]]></wp:meta_value>
  </wp:postmeta>
</item>
<item>
  <title><![CDATA[Contacto]]></title>
  <link>https://francopastranowordperss.wordpress.com/</link>
  <pubDate>Mon, 10 Feb 2025 16:34:01 +0000</pubDate>
  <dc:creator>francopastrano16</dc:creator>
  <guid isPermaLink="false">https://francopastranowordperss.wordpress.com/?page_id=36</guid>
  <description/>
  <content:encoded><![CDATA[<!-- wp:group {"metadata":{"name":"Header","categories":["header"],"patternName":"a8c/header-logo-left-menu-centered-social-right"},"align":"full","style":{"spacing":{"padding":{"top":"var:preset|spacing|30","bottom":"var:preset|spacing|30","left":"var(\u002d\u002dwp\u002d\u002dstyle\u002d\u002droot\u002d\u002dpadding-left, var(\u002d\u002dwp\u002d\u002dcustom\u002d\u002dgap\u002d\u002dhorizontal))","right":"var(\u002d\u002dwp\u002d\u002dstyle\u002d\u002droot\u002d\u002dpadding-right, var(\u002d\u002dwp\u002d\u002dcustom\u002d\u002dgap\u002d\u002dhorizontal))"},"margin":{"top":"0","bottom":"0"}}},"layout":{"type":"constrained","justifyContent":"center"}} -->
<div class="wp-block-group alignfull" style="margin-top:0;margin-bottom:0;padding-top:var(--wp--preset--spacing--30);padding-right:var(--wp--style--root--padding-right, var(--wp--custom--gap--horizontal));padding-bottom:var(--wp--preset--spacing--30);padding-left:var(--wp--style--root--padding-left, var(--wp--custom--gap--horizontal))"><!-- wp:group {"tagName":"header","metadata":{"name":"Contents"},"align":"wide","style":{"spacing":{"margin":{"top":"0","bottom":"0"},"blockGap":"var:preset|spacing|40"}},"layout":{"type":"flex","flexWrap":"nowrap","justifyContent":"space-between"}} -->
<header class="wp-block-group alignwide" style="margin-top:0;margin-bottom:0"><!-- wp:group {"className":"grow  md:grow-0","style":{"layout":{"selfStretch":"fixed","flexSize":"25%"}},"layout":{"type":"flex","flexWrap":"nowrap","justifyContent":"left"}} -->
<div class="wp-block-group grow md:grow-0"><!-- wp:site-title /--></div>
<!-- /wp:group -->

<!-- wp:navigation {"ref":3,"className":"order-1 md:order-0","style":{"layout":{"selfStretch":"fit","flexSize":null}},"layout":{"type":"flex","justifyContent":"center"}} /-->

<!-- wp:group {"className":"grow md:grow-0","style":{"spacing":{"blockGap":"var:preset|spacing|20"},"layout":{"selfStretch":"fixed","flexSize":"25%"}},"layout":{"type":"flex","flexWrap":"nowrap","justifyContent":"right"}} -->
<div class="wp-block-group grow md:grow-0"><!-- wp:social-links {"className":"is-style-logos-only","style":{"spacing":{"blockGap":{"left":"8px"}}},"layout":{"type":"flex","flexWrap":"nowrap"}} -->
<ul class="wp-block-social-links is-style-logos-only"><!-- wp:social-link {"service":"linkedin"} /-->

<!-- wp:social-link {"service":"github"} /--></ul>
<!-- /wp:social-links --></div>
<!-- /wp:group --></header>
<!-- /wp:group --></div>
<!-- /wp:group -->

<!-- wp:group {"metadata":{"name":"Contact"},"align":"full","style":{"spacing":{"margin":{"top":"0","bottom":"0"},"padding":{"top":"var:preset|spacing|50","bottom":"var:preset|spacing|50"}}},"layout":{"type":"constrained","justifyContent":"center"}} -->
<div class="wp-block-group alignfull" style="margin-top:0;margin-bottom:0;padding-top:var(--wp--preset--spacing--50);padding-bottom:var(--wp--preset--spacing--50)"><!-- wp:columns {"align":"wide"} -->
<div class="wp-block-columns alignwide"><!-- wp:column {"verticalAlignment":"center","width":""} -->
<div class="wp-block-column is-vertically-aligned-center"><!-- wp:heading {"style":{"typography":{"fontSize":"32px"}}} -->
<h2 class="wp-block-heading" style="font-size:32px">Ponte en contacto conmigo</h2>
<!-- /wp:heading -->

<!-- wp:paragraph {"className":"is-contact-description"} -->
<p class="is-contact-description">Servicio de Marketing Digital Freelance</p>
<!-- /wp:paragraph -->

<!-- wp:spacer {"height":"calc( 0.25 * var(\u002d\u002dwp\u002d\u002dstyle\u002d\u002droot\u002d\u002dpadding-right, var(\u002d\u002dwp\u002d\u002dcustom\u002d\u002dgap\u002d\u002dhorizontal)))"} -->
<div style="height:calc( 0.25 * var(--wp--style--root--padding-right, var(--wp--custom--gap--horizontal)))" aria-hidden="true" class="wp-block-spacer"></div>
<!-- /wp:spacer -->

<!-- wp:jetpack/contact-form {"subject":"","to":"","className":"is-style-default","textColor":"primary","style":{"elements":{"link":{"color":{"text":"var:preset|color|primary"}}}}} -->
<div class="wp-block-jetpack-contact-form is-style-default has-primary-color has-text-color has-link-color"><!-- wp:jetpack/field-name {"label":"Nombre","required":true,"borderRadius":5,"borderWidth":1} /-->

<!-- wp:jetpack/field-email {"label":"Correo electrónico","required":true,"borderRadius":5,"borderWidth":1} /-->

<!-- wp:jetpack/field-textarea {"label":"Mensaje","borderRadius":5,"borderWidth":1} /-->

<!-- wp:jetpack/button {"element":"button","text":"Enviar","width":"","lock":{"remove":true}} /--></div>
<!-- /wp:jetpack/contact-form --></div>
<!-- /wp:column -->

<!-- wp:column -->
<div class="wp-block-column"><!-- wp:image {"lightbox":{"enabled":false},"id":43,"aspectRatio":"3/4","scale":"cover","sizeSlug":"full","linkDestination":"none"} -->
<figure class="wp-block-image size-full"><img src="https://francopastranowordperss.wordpress.com/wp-content/uploads/2025/02/close-up-businesswoman-with-big-smile.jpg" alt="" class="wp-image-43" style="aspect-ratio:3/4;object-fit:cover" /><figcaption class="wp-element-caption">Toothy smile of young businesswoman with headset</figcaption></figure>
<!-- /wp:image --></div>
<!-- /wp:column --></div>
<!-- /wp:columns --></div>
<!-- /wp:group -->

<!-- wp:html -->
[googlemaps https://www.google.com/maps/embed?pb=!1m18!1m12!1m3!1d3989.799707153686!2d-78.48844672596032!3d-0.17501353541919948!2m3!1f0!2f0!3f0!3m2!1i1024!2i768!4f13.1!3m3!1m2!1s0x91d59b9a6aa94aa5%3A0x1f31d5e058fb64da!2sInstituto%20cordillera!5e0!3m2!1ses!2sec!4v1739204508806!5m2!1ses!2sec&amp;w=600&amp;h=450]
<!-- /wp:html -->]]></content:encoded>
  <excerpt:encoded><![CDATA[]]></excerpt:encoded>
  <wp:post_id>36</wp:post_id>
  <wp:post_date>2025-02-10 11:34:01</wp:post_date>
  <wp:post_date_gmt>2025-02-10 16:34:01</wp:post_date_gmt>
  <wp:post_modified>2025-02-10 11:42:28</wp:post_modified>
  <wp:post_modified_gmt>2025-02-10 16:42:28</wp:post_modified_gmt>
  <wp:comment_status>closed</wp:comment_status>
  <wp:ping_status>closed</wp:ping_status>
  <wp:post_name>36-2</wp:post_name>
  <wp:status>publish</wp:status>
  <wp:post_parent>0</wp:post_parent>
  <wp:menu_order>0</wp:menu_order>
  <wp:post_type>page</wp:post_type>
  <wp:post_password/>
  <wp:is_sticky>0</wp:is_sticky>
  <wp:postmeta>
    <wp:meta_key>_g_feedback_shortcode_ac3e6455cd8b53be7d2834f7ff2415121dd1fdc4</wp:meta_key>
    <wp:meta_value><![CDATA[
				[contact-field label="Nombre" type="name"  required="true" /]
				[contact-field label="Correo electrónico" type="email" required="true" /]
				[contact-field label="Web" type="url" /]
				[contact-field label="Mensaje" type="textarea" /]]]></wp:meta_value>
  </wp:postmeta>
  <wp:postmeta>
    <wp:meta_key>_g_feedback_shortcode_atts_ac3e6455cd8b53be7d2834f7ff2415121dd1fdc4</wp:meta_key>
    <wp:meta_value><![CDATA[a:17:{s:2:"to";s:27:"franco.pastrano16@gmail.com";s:7:"subject";s:26:"[Franco Pastrano] Contacto";s:12:"show_subject";s:2:"no";s:6:"widget";i:0;s:14:"block_template";N;s:19:"block_template_part";N;s:2:"id";i:36;s:18:"submit_button_text";s:6:"Enviar";s:14:"customThankyou";s:0:"";s:21:"customThankyouHeading";s:24:"Se ha enviado tu mensaje";s:21:"customThankyouMessage";s:24:"¡Gracias por tu envío!";s:22:"customThankyouRedirect";s:0:"";s:10:"jetpackCRM";b:1;s:9:"className";N;s:9:"postToUrl";N;s:14:"salesforceData";N;s:12:"hiddenFields";N;}]]></wp:meta_value>
  </wp:postmeta>
  <wp:postmeta>
    <wp:meta_key>_last_editor_used_jetpack</wp:meta_key>
    <wp:meta_value><![CDATA[block-editor]]></wp:meta_value>
  </wp:postmeta>
  <wp:postmeta>
    <wp:meta_key>_oembed_9a7ddc02b48a699f0075a721e063c42f</wp:meta_key>
    <wp:meta_value><![CDATA[{{unknown}}]]></wp:meta_value>
  </wp:postmeta>
  <wp:postmeta>
    <wp:meta_key>_publicize_pending</wp:meta_key>
    <wp:meta_value><![CDATA[1]]></wp:meta_value>
  </wp:postmeta>
  <wp:postmeta>
    <wp:meta_key>_g_feedback_shortcode_036fb8c9ab52901433b105873d163b79503488c8</wp:meta_key>
    <wp:meta_value><![CDATA[
<div class="wp-block-jetpack-contact-form is-style-default has-primary-color has-text-color has-link-color">[contact-field label="Nombre" required="1" borderRadius="5" borderWidth="1" type="name"/]

[contact-field label="Correo electrónico" required="1" borderRadius="5" borderWidth="1" type="email"/]

[contact-field label="Mensaje" borderRadius="5" borderWidth="1" type="textarea"/]

<div class="wp-block-jetpack-button wp-block-button" style="width: ;"><button class="wp-block-button__link" style="" data-id-attr="placeholder" type="submit">Enviar</button></div></div>
]]></wp:meta_value>
  </wp:postmeta>
  <wp:postmeta>
    <wp:meta_key>_g_feedback_shortcode_atts_036fb8c9ab52901433b105873d163b79503488c8</wp:meta_key>
    <wp:meta_value><![CDATA[a:17:{s:2:"to";s:0:"";s:7:"subject";s:0:"";s:12:"show_subject";s:2:"no";s:6:"widget";i:0;s:14:"block_template";N;s:19:"block_template_part";N;s:2:"id";i:36;s:18:"submit_button_text";s:6:"Enviar";s:14:"customThankyou";s:0:"";s:21:"customThankyouHeading";s:24:"Se ha enviado tu mensaje";s:21:"customThankyouMessage";s:24:"¡Gracias por tu envío!";s:22:"customThankyouRedirect";s:0:"";s:10:"jetpackCRM";b:1;s:9:"className";s:61:"is-style-default wp-elements-153637ff03439d10402d20ec7f2a0fb8";s:9:"postToUrl";N;s:14:"salesforceData";N;s:12:"hiddenFields";N;}]]></wp:meta_value>
  </wp:postmeta>
  <wp:postmeta>
    <wp:meta_key>_elasticsearch_data_sharing_indexed_on</wp:meta_key>
    <wp:meta_value><![CDATA[2025-02-10 16:31:42]]></wp:meta_value>
  </wp:postmeta>
  <wp:postmeta>
    <wp:meta_key>_oembed_9766798800bee259052dc53694884b9c</wp:meta_key>
    <wp:meta_value><![CDATA[{{unknown}}]]></wp:meta_value>
  </wp:postmeta>
</item>
<item>
  <title><![CDATA[dopjfxdsiojfdx]]></title>
  <link>https://francopastranowordperss.wordpress.com/36-2/dopjfxdsiojfdx/</link>
  <pubDate>Mon, 10 Feb 2025 16:18:44 +0000</pubDate>
  <dc:creator>francopastrano16</dc:creator>
  <guid isPermaLink="false">http://francopastranowordperss.files.wordpress.com/2025/02/dopjfxdsiojfdx.png</guid>
  <description/>
  <content:encoded><![CDATA[]]></content:encoded>
  <excerpt:encoded><![CDATA[]]></excerpt:encoded>
  <wp:post_id>38</wp:post_id>
  <wp:post_date>2025-02-10 11:18:44</wp:post_date>
  <wp:post_date_gmt>2025-02-10 16:18:44</wp:post_date_gmt>
  <wp:post_modified>2025-02-10 11:18:44</wp:post_modified>
  <wp:post_modified_gmt>2025-02-10 16:18:44</wp:post_modified_gmt>
  <wp:comment_status>open</wp:comment_status>
  <wp:ping_status>closed</wp:ping_status>
  <wp:post_name>dopjfxdsiojfdx</wp:post_name>
  <wp:status>inherit</wp:status>
  <wp:post_parent>36</wp:post_parent>
  <wp:menu_order>0</wp:menu_order>
  <wp:post_type>attachment</wp:post_type>
  <wp:post_password/>
  <wp:is_sticky>0</wp:is_sticky>
  <wp:attachment_url>https://francopastranowordperss.wordpress.com/wp-content/uploads/2025/02/dopjfxdsiojfdx.png</wp:attachment_url>
  <wp:postmeta>
    <wp:meta_key>_wp_attached_file</wp:meta_key>
    <wp:meta_value><![CDATA[/home/wpcom/public_html/wp-content/blogs.dir/f2c/241125334/files/2025/02/dopjfxdsiojfdx.png]]></wp:meta_value>
  </wp:postmeta>
  <wp:postmeta>
    <wp:meta_key>_wp_attachment_metadata</wp:meta_key>
    <wp:meta_value><![CDATA[a:6:{s:5:"width";i:150;s:6:"height";i:119;s:4:"file";s:91:"/home/wpcom/public_html/wp-content/blogs.dir/f2c/241125334/files/2025/02/dopjfxdsiojfdx.png";s:8:"filesize";i:32632;s:5:"sizes";a:0:{}s:10:"image_meta";a:12:{s:8:"aperture";s:1:"0";s:6:"credit";s:0:"";s:6:"camera";s:0:"";s:7:"caption";s:0:"";s:17:"created_timestamp";s:1:"0";s:9:"copyright";s:0:"";s:12:"focal_length";s:1:"0";s:3:"iso";s:1:"0";s:13:"shutter_speed";s:1:"0";s:5:"title";s:0:"";s:11:"orientation";s:1:"0";s:8:"keywords";a:0:{}}}]]></wp:meta_value>
  </wp:postmeta>
</item>
<item>
  <title><![CDATA[Curriculum]]></title>
  <link>https://francopastranowordperss.wordpress.com/?page_id=41</link>
  <pubDate/>
  <dc:creator>francopastrano16</dc:creator>
  <guid isPermaLink="false">https://francopastranowordperss.wordpress.com/?page_id=41</guid>
  <description/>
  <content:encoded><![CDATA[]]></content:encoded>
  <excerpt:encoded><![CDATA[]]></excerpt:encoded>
  <wp:post_id>41</wp:post_id>
  <wp:post_date>2025-02-10 11:25:40</wp:post_date>
  <wp:post_date_gmt>0000-00-00 00:00:00</wp:post_date_gmt>
  <wp:post_modified>2025-02-10 11:25:40</wp:post_modified>
  <wp:post_modified_gmt>0000-00-00 00:00:00</wp:post_modified_gmt>
  <wp:comment_status>closed</wp:comment_status>
  <wp:ping_status>closed</wp:ping_status>
  <wp:post_name/>
  <wp:status>draft</wp:status>
  <wp:post_parent>0</wp:post_parent>
  <wp:menu_order>0</wp:menu_order>
  <wp:post_type>page</wp:post_type>
  <wp:post_password/>
  <wp:is_sticky>0</wp:is_sticky>
  <wp:postmeta>
    <wp:meta_key>_g_feedback_shortcode_e9fc77de0bcee30bcdf2dcfb6cc1a422056a9287</wp:meta_key>
    <wp:meta_value><![CDATA[
				[contact-field label="Nombre" type="name"  required="true" /]
				[contact-field label="Correo electrónico" type="email" required="true" /]
				[contact-field label="Web" type="url" /]
				[contact-field label="Mensaje" type="textarea" /]]]></wp:meta_value>
  </wp:postmeta>
  <wp:postmeta>
    <wp:meta_key>_g_feedback_shortcode_atts_e9fc77de0bcee30bcdf2dcfb6cc1a422056a9287</wp:meta_key>
    <wp:meta_value><![CDATA[a:17:{s:2:"to";s:27:"franco.pastrano16@gmail.com";s:7:"subject";s:28:"[Franco Pastrano] Curriculum";s:12:"show_subject";s:2:"no";s:6:"widget";i:0;s:14:"block_template";N;s:19:"block_template_part";N;s:2:"id";i:41;s:18:"submit_button_text";s:6:"Enviar";s:14:"customThankyou";s:0:"";s:21:"customThankyouHeading";s:24:"Se ha enviado tu mensaje";s:21:"customThankyouMessage";s:24:"¡Gracias por tu envío!";s:22:"customThankyouRedirect";s:0:"";s:10:"jetpackCRM";b:1;s:9:"className";N;s:9:"postToUrl";N;s:14:"salesforceData";N;s:12:"hiddenFields";N;}]]></wp:meta_value>
  </wp:postmeta>
  <wp:postmeta>
    <wp:meta_key>_last_editor_used_jetpack</wp:meta_key>
    <wp:meta_value><![CDATA[block-editor]]></wp:meta_value>
  </wp:postmeta>
</item>
<item>
  <title><![CDATA[Happy customer service representative working on desktop PC at c]]></title>
  <link>https://francopastranowordperss.wordpress.com/36-2/happy-customer-service-representative-working-on-desktop-pc-at-c/</link>
  <pubDate>Mon, 10 Feb 2025 16:33:05 +0000</pubDate>
  <dc:creator>francopastrano16</dc:creator>
  <guid isPermaLink="false">http://francopastranowordperss.files.wordpress.com/2025/02/peeeeeeeee.jpg</guid>
  <description/>
  <content:encoded><![CDATA[]]></content:encoded>
  <excerpt:encoded><![CDATA[Happy call center agent using computer while communicating with clients and working in the office.]]></excerpt:encoded>
  <wp:post_id>42</wp:post_id>
  <wp:post_date>2025-02-10 11:33:05</wp:post_date>
  <wp:post_date_gmt>2025-02-10 16:33:05</wp:post_date_gmt>
  <wp:post_modified>2025-02-10 11:33:05</wp:post_modified>
  <wp:post_modified_gmt>2025-02-10 16:33:05</wp:post_modified_gmt>
  <wp:comment_status>open</wp:comment_status>
  <wp:ping_status>closed</wp:ping_status>
  <wp:post_name>happy-customer-service-representative-working-on-desktop-pc-at-c</wp:post_name>
  <wp:status>inherit</wp:status>
  <wp:post_parent>36</wp:post_parent>
  <wp:menu_order>0</wp:menu_order>
  <wp:post_type>attachment</wp:post_type>
  <wp:post_password/>
  <wp:is_sticky>0</wp:is_sticky>
  <wp:attachment_url>https://francopastranowordperss.wordpress.com/wp-content/uploads/2025/02/peeeeeeeee.jpg</wp:attachment_url>
  <wp:postmeta>
    <wp:meta_key>_wp_attached_file</wp:meta_key>
    <wp:meta_value><![CDATA[/home/wpcom/public_html/wp-content/blogs.dir/f2c/241125334/files/2025/02/peeeeeeeee.jpg]]></wp:meta_value>
  </wp:postmeta>
  <wp:postmeta>
    <wp:meta_key>_wp_attachment_metadata</wp:meta_key>
    <wp:meta_value><![CDATA[a:6:{s:5:"width";i:6000;s:6:"height";i:4000;s:4:"file";s:87:"/home/wpcom/public_html/wp-content/blogs.dir/f2c/241125334/files/2025/02/peeeeeeeee.jpg";s:8:"filesize";i:10604875;s:5:"sizes";a:0:{}s:10:"image_meta";a:12:{s:8:"aperture";s:1:"2";s:6:"credit";s:12:"drazen_zigic";s:6:"camera";s:22:"Canon EOS-1D X Mark II";s:7:"caption";s:98:"Happy call center agent using computer while communicating with clients and working in the office.";s:17:"created_timestamp";s:10:"1588864008";s:9:"copyright";s:0:"";s:12:"focal_length";s:2:"85";s:3:"iso";s:3:"100";s:13:"shutter_speed";s:6:"0.0025";s:5:"title";s:64:"Happy customer service representative working on desktop PC at c";s:11:"orientation";s:1:"0";s:8:"keywords";a:40:{i:0;s:4:"24/7";i:1;s:31:"Customer service representative";i:2;s:10:"IT support";i:3;s:10:"Lifestyles";i:4;s:5:"adult";i:5;s:6:"advice";i:6;s:10:"assistance";i:7;s:8:"business";i:8;s:15:"business person";i:9;s:11:"businessman";i:10;s:11:"call center";i:11;s:13:"communication";i:12;s:8:"computer";i:13;s:18:"corporate business";i:14;s:16:"customer focused";i:15;s:24:"customer service support";i:16;s:10:"desktop PC";i:17;s:6:"e-mail";i:18;s:12:"entrepreneur";i:19;s:14:"freelance work";i:20;s:9:"happiness";i:21;s:7:"headset";i:22;s:7:"indoors";i:23;s:8:"internet";i:24;s:5:"males";i:25;s:3:"man";i:26;s:10:"occupation";i:27;s:6:"office";i:28;s:6:"people";i:29;s:13:"place of work";i:30;s:23:"professional occupation";i:31;s:7:"support";i:32;s:15:"surfing the net";i:33;s:7:"talking";i:34;s:10:"technology";i:35;s:16:"telephone worker";i:36;s:14:"using computer";i:37;s:19:"wireless technology";i:38;s:7:"working";i:39;s:11:"young adult";}}}]]></wp:meta_value>
  </wp:postmeta>
</item>
<item>
  <title><![CDATA[Smile of consultant]]></title>
  <link>https://francopastranowordperss.wordpress.com/36-2/smile-of-consultant/</link>
  <pubDate>Mon, 10 Feb 2025 16:33:51 +0000</pubDate>
  <dc:creator>francopastrano16</dc:creator>
  <guid isPermaLink="false">http://francopastranowordperss.files.wordpress.com/2025/02/close-up-businesswoman-with-big-smile.jpg</guid>
  <description/>
  <content:encoded><![CDATA[]]></content:encoded>
  <excerpt:encoded><![CDATA[Toothy smile of young businesswoman with headset]]></excerpt:encoded>
  <wp:post_id>43</wp:post_id>
  <wp:post_date>2025-02-10 11:33:51</wp:post_date>
  <wp:post_date_gmt>2025-02-10 16:33:51</wp:post_date_gmt>
  <wp:post_modified>2025-02-10 11:33:51</wp:post_modified>
  <wp:post_modified_gmt>2025-02-10 16:33:51</wp:post_modified_gmt>
  <wp:comment_status>open</wp:comment_status>
  <wp:ping_status>closed</wp:ping_status>
  <wp:post_name>smile-of-consultant</wp:post_name>
  <wp:status>inherit</wp:status>
  <wp:post_parent>36</wp:post_parent>
  <wp:menu_order>0</wp:menu_order>
  <wp:post_type>attachment</wp:post_type>
  <wp:post_password/>
  <wp:is_sticky>0</wp:is_sticky>
  <wp:attachment_url>https://francopastranowordperss.wordpress.com/wp-content/uploads/2025/02/close-up-businesswoman-with-big-smile.jpg</wp:attachment_url>
  <wp:postmeta>
    <wp:meta_key>_wp_attached_file</wp:meta_key>
    <wp:meta_value><![CDATA[/home/wpcom/public_html/wp-content/blogs.dir/f2c/241125334/files/2025/02/close-up-businesswoman-with-big-smile.jpg]]></wp:meta_value>
  </wp:postmeta>
  <wp:postmeta>
    <wp:meta_key>_wp_attachment_metadata</wp:meta_key>
    <wp:meta_value><![CDATA[a:6:{s:5:"width";i:4200;s:6:"height";i:2800;s:4:"file";s:114:"/home/wpcom/public_html/wp-content/blogs.dir/f2c/241125334/files/2025/02/close-up-businesswoman-with-big-smile.jpg";s:8:"filesize";i:7435036;s:5:"sizes";a:0:{}s:10:"image_meta";a:12:{s:8:"aperture";s:1:"2";s:6:"credit";s:0:"";s:6:"camera";s:21:"Canon EOS 5D Mark III";s:7:"caption";s:48:"Toothy smile of young businesswoman with headset";s:17:"created_timestamp";s:10:"1395211338";s:9:"copyright";s:0:"";s:12:"focal_length";s:2:"50";s:3:"iso";s:1:"0";s:13:"shutter_speed";s:5:"0.005";s:5:"title";s:19:"Smile of consultant";s:11:"orientation";s:1:"1";s:8:"keywords";a:50:{i:0;s:8:"business";i:1;s:13:"businesswoman";i:2;s:14:"businesspeople";i:3;s:6:"people";i:4;s:6:"person";i:5;s:9:"lifestyle";i:6;s:5:"woman";i:7;s:6:"female";i:8;s:5:"young";i:9;s:5:"adult";i:10;s:3:"one";i:11;s:6:"single";i:12;s:9:"confident";i:13;s:10:"successful";i:14;s:8:"employee";i:15;s:3:"job";i:16;s:10:"employment";i:17;s:10:"occupation";i:18;s:10:"profession";i:19;s:9:"corporate";i:20;s:9:"executive";i:21;s:6:"career";i:22;s:9:"expertise";i:23;s:5:"happy";i:24;s:7:"smiling";i:25;s:8:"positive";i:26;s:10:"technology";i:27;s:8:"friendly";i:28;s:6:"toothy";i:29;s:6:"smiley";i:30;s:9:"telephony";i:31;s:6:"online";i:32;s:7:"phoning";i:33;s:7:"calling";i:34;s:10:"consulting";i:35;s:8:"operator";i:36;s:10:"microphone";i:37;s:4:"mike";i:38;s:8:"speaking";i:39;s:7:"talking";i:40;s:7:"closeup";i:41;s:8:"close-up";i:42;s:4:"part";i:43;s:4:"nose";i:44;s:8:"cheerful";i:45;s:6:"facial";i:46;s:5:"human";i:47;s:8:"personal";i:48;s:4:"face";i:49;s:8:"feminine";}}}]]></wp:meta_value>
  </wp:postmeta>
</item>
  </channel>
</rss>
